[
    {
        "id":1,
        "startDate": null,
        "endDate": null,
        "title": "Event 1"
    },
    {
        "id":2,
        "startDate": "07/05/2024",
        "endDate": "07/05/2024",
        "title": "Event 2"
    },
    {
        "id":3,
        "startDate": null,
        "endDate": null,
        "title": "Event 3"
    },
    {
        "id":4,
        "startDate": null,
        "endDate": null,
        "title": "Event 4"
    },
    {
        "id":5,
        "startDate": null,
        "endDate": null,
        "title": "Event 5"
    },
    {
        "id":6,
        "startDate": "10/04/2024",
        "endDate": "10/04/2024",
        "title": "Event 6"
    },
    {
        "id":7,
        "startDate": "12/05/2024",
        "endDate": "12/05/2024",
        "title": "Event 7"
    },
    {
        "id":8,
        "startDate": null,
        "endDate": null,
        "title": "Event 8"
    },
    {
        "id":9,
        "startDate": "12/06/2024",
        "endDate": "12/06/2024",
        "title": "Event 9"
    },
    {
        "id":10,
        "startDate": null,
        "endDate": null,
        "title": "Event 10"
    }
]